Node,Child1_Size,Child2_Size,Site,RC,AC,p_AC,BADASP_Score,Is_Functional_Switch
Node49,3,3,52,1.0,2.986,0.985,2.9397,True
Node55,3,7,212,0.653,3.945,0.965,2.486,True
Node55,3,7,202,0.863,2.962,0.943,2.4107,True
Node38,5,5,116,0.833,2.956,0.944,2.3238,True
Node37,5,10,161,0.769,2.987,0.989,2.2699,True
Node49,3,3,98,0.788,2.942,0.894,2.0716,True
Node55,3,7,104,1.0,1.996,0.998,1.9922,True
Node55,3,7,148,1.0,1.995,0.992,1.9796,True
Node55,3,7,72,1.0,1.992,0.993,1.9784,True
Node38,5,5,80,1.0,2.697,0.697,1.8806,True
